{"filename":"c:\\Users\\2339455\\Downloads\\Development\\AI_SALES_DIGEST_GIT\\SalesDigest\\src\\Backend\\AzureFunctions\\__azurite_db_blob__.json","collections":[{"name":"$SERVICES_COLLECTION$","data":[],"idIndex":null,"binaryIndices":{},"constraints":null,"uniqueNames":["accountName"],"transforms":{},"objType":"$SERVICES_COLLECTION$","dirty":false,"cachedIndex":null,"cachedBinaryIndex":null,"cachedData":null,"adaptiveBinaryIndices":true,"transactional":false,"cloneObjects":false,"cloneMethod":"parse-stringify","asyncListeners":false,"disableMeta":false,"disableChangesApi":true,"disableDeltaChangesApi":true,"autoupdate":false,"serializableIndices":true,"disableFreeze":true,"ttl":null,"maxId":0,"DynamicViews":[],"events":{"insert":[],"update":[],"pre-insert":[],"pre-update":[],"close":[],"flushbuffer":[],"error":[],"delete":[null],"warning":[null]},"changes":[],"dirtyIds":[]},{"name":"$CONTAINERS_COLLECTION$","data":[{"accountName":"devstoreaccount1","name":"azure-webjobs-hosts","properties":{"etag":"\"0x22842226A37BB80\"","lastModified":"2024-07-09T14:24:32.415Z","leaseStatus":"unlocked","leaseState":"available","hasImmutabilityPolicy":false,"hasLegalHold":false},"meta":{"revision":0,"created":1720535072417,"version":0},"$loki":1}],"idIndex":null,"binaryIndices":{"accountName":{"name":"accountName","dirty":false,"values":[0]},"name":{"name":"name","dirty":false,"values":[0]}},"constraints":null,"uniqueNames":[],"transforms":{},"objType":"$CONTAINERS_COLLECTION$","dirty":false,"cachedIndex":null,"cachedBinaryIndex":null,"cachedData":null,"adaptiveBinaryIndices":true,"transactional":false,"cloneObjects":false,"cloneMethod":"parse-stringify","asyncListeners":false,"disableMeta":false,"disableChangesApi":true,"disableDeltaChangesApi":true,"autoupdate":false,"serializableIndices":true,"disableFreeze":true,"ttl":null,"maxId":1,"DynamicViews":[],"events":{"insert":[],"update":[],"pre-insert":[],"pre-update":[],"close":[],"flushbuffer":[],"error":[],"delete":[null],"warning":[null]},"changes":[],"dirtyIds":[]},{"name":"$BLOBS_COLLECTION$","data":[{"deleted":false,"metadata":{"FunctionInstance":"000000000000000000000000A7BB29DD"},"accountName":"devstoreaccount1","containerName":"azure-webjobs-hosts","name":"locks/ltin576580-569935402/host","properties":{"creationTime":"2024-07-09T14:24:32.426Z","lastModified":"2024-07-10T16:23:50.778Z","etag":"\"0x23FB8180EC8D980\"","contentLength":0,"contentType":"application/octet-stream","contentMD5":{"type":"Buffer","data":[212,29,140,217,143,0,178,4,233,128,9,152,236,248,66,126]},"blobType":"BlockBlob","leaseStatus":"locked","leaseState":"leased","serverEncrypted":true,"accessTier":"Hot","accessTierInferred":true,"accessTierChangeTime":"2024-07-09T14:24:32.426Z","leaseDuration":"fixed"},"snapshot":"","isCommitted":true,"persistency":{"id":"dd2c21e5-44a0-49ed-bf5d-9a5a96d644ce","offset":0,"count":0},"meta":{"revision":138,"created":1720535072437,"version":0,"updated":1720628750825},"$loki":1,"leaseId":"000000000000000000000000A7BB29DD","leaseExpireTime":"2024-07-10T16:26:05.823Z","leaseDurationSeconds":15},{"deleted":false,"accountName":"devstoreaccount1","containerName":"azure-webjobs-hosts","name":"locks/ltin576580-569935402/Host.Functions.drug_channel_scrapping_function.Listener","properties":{"creationTime":"2024-07-09T14:25:21.064Z","lastModified":"2024-07-09T14:25:21.064Z","etag":"\"0x1B9F04F90DFDBC0\"","contentLength":0,"contentType":"application/octet-stream","contentMD5":{"type":"Buffer","data":[212,29,140,217,143,0,178,4,233,128,9,152,236,248,66,126]},"blobType":"BlockBlob","leaseStatus":"locked","leaseState":"leased","serverEncrypted":true,"accessTier":"Hot","accessTierInferred":true,"accessTierChangeTime":"2024-07-09T14:25:21.064Z","leaseDuration":"fixed"},"snapshot":"","isCommitted":true,"persistency":{"id":"dd2c21e5-44a0-49ed-bf5d-9a5a96d644ce","offset":0,"count":0},"meta":{"revision":189,"created":1720535121069,"version":0,"updated":1720628753992},"$loki":2,"leaseId":"4de54c73-580c-4eef-a36e-e74f8b6bdbf3","leaseExpireTime":"2024-07-10T16:26:08.991Z","leaseDurationSeconds":15},{"deleted":false,"accountName":"devstoreaccount1","containerName":"azure-webjobs-hosts","name":"locks/ltin576580-569935402/Host.Functions.becker_hospital_scrapping_function.Listener","properties":{"creationTime":"2024-07-10T13:47:58.395Z","lastModified":"2024-07-10T13:47:58.395Z","etag":"\"0x1FA9457250982A0\"","contentLength":0,"contentType":"application/octet-stream","contentMD5":{"type":"Buffer","data":[212,29,140,217,143,0,178,4,233,128,9,152,236,248,66,126]},"blobType":"BlockBlob","leaseStatus":"locked","leaseState":"leased","serverEncrypted":true,"accessTier":"Hot","accessTierInferred":true,"accessTierChangeTime":"2024-07-10T13:47:58.395Z","leaseDuration":"fixed"},"snapshot":"","isCommitted":true,"persistency":{"id":"ddbd3c6f-303c-4d12-8d00-96ca5f70e4d8","offset":0,"count":0},"meta":{"revision":129,"created":1720619278407,"version":0,"updated":1720628753996},"$loki":3,"leaseId":"1caf4c70-9b0a-47aa-bd29-dd40139a5e53","leaseExpireTime":"2024-07-10T16:26:08.995Z","leaseDurationSeconds":15}],"idIndex":null,"binaryIndices":{"accountName":{"name":"accountName","dirty":false,"values":[2,1,0]},"containerName":{"name":"containerName","dirty":false,"values":[2,1,0]},"name":{"name":"name","dirty":false,"values":[2,1,0]},"snapshot":{"name":"snapshot","dirty":false,"values":[2,1,0]}},"constraints":null,"uniqueNames":[],"transforms":{},"objType":"$BLOBS_COLLECTION$","dirty":false,"cachedIndex":null,"cachedBinaryIndex":null,"cachedData":null,"adaptiveBinaryIndices":true,"transactional":false,"cloneObjects":false,"cloneMethod":"parse-stringify","asyncListeners":false,"disableMeta":false,"disableChangesApi":true,"disableDeltaChangesApi":true,"autoupdate":false,"serializableIndices":true,"disableFreeze":true,"ttl":null,"maxId":3,"DynamicViews":[],"events":{"insert":[],"update":[],"pre-insert":[],"pre-update":[],"close":[],"flushbuffer":[],"error":[],"delete":[null],"warning":[null]},"changes":[],"dirtyIds":[]},{"name":"$BLOCKS_COLLECTION$","data":[],"idIndex":null,"binaryIndices":{"accountName":{"name":"accountName","dirty":false,"values":[]},"containerName":{"name":"containerName","dirty":false,"values":[]},"blobName":{"name":"blobName","dirty":false,"values":[]},"name":{"name":"name","dirty":false,"values":[]}},"constraints":null,"uniqueNames":[],"transforms":{},"objType":"$BLOCKS_COLLECTION$","dirty":false,"cachedIndex":null,"cachedBinaryIndex":null,"cachedData":null,"adaptiveBinaryIndices":true,"transactional":false,"cloneObjects":false,"cloneMethod":"parse-stringify","asyncListeners":false,"disableMeta":false,"disableChangesApi":true,"disableDeltaChangesApi":true,"autoupdate":false,"serializableIndices":true,"disableFreeze":true,"ttl":null,"maxId":0,"DynamicViews":[],"events":{"insert":[],"update":[],"pre-insert":[],"pre-update":[],"close":[],"flushbuffer":[],"error":[],"delete":[null],"warning":[null]},"changes":[],"dirtyIds":[]}],"databaseVersion":1.5,"engineVersion":1.5,"autosave":true,"autosaveInterval":5000,"autosaveHandle":null,"throttledSaves":true,"options":{"persistenceMethod":"fs","autosave":true,"autosaveInterval":5000,"serializationMethod":"normal","destructureDelimiter":"$<\n"},"persistenceMethod":"fs","persistenceAdapter":null,"verbose":false,"events":{"init":[null],"loaded":[],"flushChanges":[],"close":[],"changes":[],"warning":[]},"ENV":"NODEJS"}