{"filename":"c:\\Users\\2339455\\Downloads\\Development\\AI_SALES_DIGEST_GIT\\SalesDigest\\src\\Backend\\AzureFunctions\\__azurite_db_blob_extent__.json","collections":[{"name":"$EXTENTS_COLLECTION$","data":[{"id":"dd2c21e5-44a0-49ed-bf5d-9a5a96d644ce","locationId":"Default","path":"dd2c21e5-44a0-49ed-bf5d-9a5a96d644ce","size":0,"lastModifiedInMS":1720535072436,"meta":{"revision":1,"created":1720535072436,"version":0,"updated":1720535121068},"$loki":1,"LastModifyInMS":1720535121068},{"id":"ddbd3c6f-303c-4d12-8d00-96ca5f70e4d8","locationId":"Default","path":"ddbd3c6f-303c-4d12-8d00-96ca5f70e4d8","size":0,"lastModifiedInMS":1720619278405,"meta":{"revision":0,"created":1720619278406,"version":0},"$loki":2}],"idIndex":null,"binaryIndices":{"id":{"name":"id","dirty":false,"values":[0,1]}},"constraints":null,"uniqueNames":[],"transforms":{},"objType":"$EXTENTS_COLLECTION$","dirty":false,"cachedIndex":null,"cachedBinaryIndex":null,"cachedData":null,"adaptiveBinaryIndices":true,"transactional":false,"cloneObjects":false,"cloneMethod":"parse-stringify","asyncListeners":false,"disableMeta":false,"disableChangesApi":true,"disableDeltaChangesApi":true,"autoupdate":false,"serializableIndices":true,"disableFreeze":true,"ttl":null,"maxId":2,"DynamicViews":[],"events":{"insert":[],"update":[],"pre-insert":[],"pre-update":[],"close":[],"flushbuffer":[],"error":[],"delete":[null],"warning":[null]},"changes":[],"dirtyIds":[]}],"databaseVersion":1.5,"engineVersion":1.5,"autosave":true,"autosaveInterval":5000,"autosaveHandle":null,"throttledSaves":true,"options":{"persistenceMethod":"fs","autosave":true,"autosaveInterval":5000,"serializationMethod":"normal","destructureDelimiter":"$<\n"},"persistenceMethod":"fs","persistenceAdapter":null,"verbose":false,"events":{"init":[null],"loaded":[],"flushChanges":[],"close":[],"changes":[],"warning":[]},"ENV":"NODEJS"}